{"cameraMode":{"drawMode":0,"name":"Shaded","section":"Shading Mode"},"sceneLighting":true,"audioPlay":false,"sceneViewState":{"m_AlwaysRefresh":false,"showFog":true,"showSkybox":true,"showFlares":true,"showImageEffects":true,"showParticleSystems":true,"showVisualEffectGraphs":true,"m_FxEnabled":true},"in2DMode":false,"pivot":{"x":14.691969871520996,"y":-3.512446641921997,"z":-0.6266352534294128},"rotation":{"x":-0.19116075336933137,"y":-0.6954670548439026,"z":0.20062105357646943,"w":-0.6628697514533997},"size":20.511281967163087,"orthographic":false}