{"cameraMode":{"drawMode":0,"name":"Shaded","section":"Shading Mode"},"sceneLighting":false,"audioPlay":false,"sceneViewState":{"m_AlwaysRefresh":false,"showFog":true,"showSkybox":false,"showFlares":true,"showImageEffects":true,"showParticleSystems":true,"showVisualEffectGraphs":true,"m_FxEnabled":true},"in2DMode":false,"pivot":{"x":-0.05254089832305908,"y":0.7277663350105286,"z":8.252732276916504},"rotation":{"x":-0.06909070909023285,"y":0.7904451489448547,"z":-0.09074690192937851,"w":-0.6017714142799377},"size":0.7330126166343689,"orthographic":false}